-- Adminer 4.3.1 MySQL dump

SET NAMES utf8;
SET time_zone = '+00:00';
SET foreign_key_checks = 0;
SET sql_mode = 'NO_AUTO_VALUE_ON_ZERO';

DROP TABLE IF EXISTS `activity`;
CREATE TABLE `activity` (
  `id_activity` int(10) unsigned NOT NULL AUTO_INCREMENT,
  `active` char(1) COLLATE utf8_czech_ci NOT NULL,
  `id_user` int(10) unsigned NOT NULL,
  `id_task` int(10) unsigned NOT NULL,
  `date_activity_end` timestamp NULL DEFAULT NULL ON UPDATE CURRENT_TIMESTAMP,
  `date_activity_start` timestamp NOT NULL DEFAULT CURRENT_TIMESTAMP,
  PRIMARY KEY (`id_activity`),
  KEY `activity_task_fk` (`id_task`),
  KEY `activity_user_fk` (`id_user`),
  CONSTRAINT `activity_task_fk` FOREIGN KEY (`id_task`) REFERENCES `task` (`id_task`),
  CONSTRAINT `activity_user_fk` FOREIGN KEY (`id_user`) REFERENCES `user` (`id_user`)
) ENGINE=InnoDB AUTO_INCREMENT=69 DEFAULT CHARSET=utf8 COLLATE=utf8_czech_ci;

INSERT INTO `activity` (`id_activity`, `active`, `id_user`, `id_task`, `date_activity_end`, `date_activity_start`) VALUES
(1,	'0',	1,	1,	'2017-08-23 14:15:06',	'2017-08-23 10:15:06'),
(2,	'0',	1,	1,	'2017-08-23 20:15:06',	'2017-08-23 14:15:06'),
(4,	'0',	1,	1,	'2017-08-25 18:55:09',	'2017-08-24 14:15:06'),
(5,	'0',	3,	2,	'2017-08-23 20:15:01',	'2017-08-23 14:15:06'),
(6,	'0',	1,	8,	'2017-08-25 18:59:10',	'2017-08-25 18:59:01'),
(7,	'0',	1,	7,	'2017-08-25 19:08:09',	'2017-08-25 18:59:26'),
(8,	'0',	1,	4,	'2017-08-25 19:08:31',	'2017-08-25 19:08:29'),
(9,	'0',	1,	25,	'2017-08-25 19:09:16',	'2017-08-25 19:08:52'),
(10,	'0',	1,	1,	'2017-08-25 19:11:13',	'2017-08-25 19:10:15'),
(11,	'0',	1,	5,	'2017-08-25 19:12:20',	'2017-08-25 19:11:28'),
(12,	'0',	1,	28,	'2017-08-25 19:12:57',	'2017-08-25 19:12:33'),
(13,	'0',	1,	5,	'2017-08-25 19:13:30',	'2017-08-25 19:13:06'),
(14,	'0',	1,	4,	'2017-08-25 19:14:51',	'2017-08-25 19:14:48'),
(15,	'0',	1,	5,	'2017-08-25 19:15:04',	'2017-08-25 19:15:02'),
(16,	'0',	1,	29,	'2017-08-25 19:15:17',	'2017-08-25 19:15:12'),
(17,	'0',	1,	6,	'2017-08-25 19:16:47',	'2017-08-25 19:15:26'),
(18,	'0',	1,	5,	'2017-08-25 19:17:16',	'2017-08-25 19:16:53'),
(19,	'0',	1,	30,	'2017-08-25 19:17:34',	'2017-08-25 19:17:22'),
(20,	'0',	1,	7,	'2017-08-25 19:17:45',	'2017-08-25 19:17:40'),
(21,	'0',	1,	51,	'2017-08-25 19:18:53',	'2017-08-25 19:18:49'),
(22,	'0',	1,	11,	'2017-08-25 19:19:02',	'2017-08-25 19:19:00'),
(23,	'0',	1,	11,	'2017-08-25 19:19:58',	'2017-08-25 19:19:56'),
(24,	'0',	1,	11,	'2017-08-25 19:20:03',	'2017-08-25 19:20:02'),
(25,	'0',	1,	11,	'2017-08-25 19:20:05',	'2017-08-25 19:20:04'),
(26,	'0',	1,	11,	'2017-08-25 19:20:06',	'2017-08-25 19:20:05'),
(27,	'0',	1,	11,	'2017-08-25 19:20:08',	'2017-08-25 19:20:07'),
(28,	'0',	1,	11,	'2017-08-25 19:20:09',	'2017-08-25 19:20:09'),
(29,	'0',	1,	11,	'2017-08-25 19:20:10',	'2017-08-25 19:20:10'),
(30,	'0',	1,	11,	'2017-08-25 19:24:02',	'2017-08-25 19:23:57'),
(31,	'0',	1,	20,	'2017-08-25 19:26:55',	'2017-08-25 19:26:50'),
(32,	'0',	1,	10,	'2017-08-25 19:34:14',	'2017-08-25 19:27:47'),
(33,	'0',	1,	10,	'2017-08-25 19:36:33',	'2017-08-25 19:35:01'),
(34,	'0',	1,	11,	'2017-08-25 19:38:23',	'2017-08-25 19:38:09'),
(35,	'0',	1,	7,	'2017-08-25 19:39:06',	'2017-08-25 19:38:29'),
(36,	'0',	1,	6,	'2017-08-25 19:41:22',	'2017-08-25 19:41:01'),
(37,	'0',	1,	27,	'2017-08-25 19:41:49',	'2017-08-25 19:41:29'),
(38,	'0',	1,	11,	'2017-08-25 19:42:26',	'2017-08-25 19:41:55'),
(39,	'0',	1,	11,	'2017-08-25 19:48:05',	'2017-08-25 19:44:50'),
(40,	'0',	1,	22,	'2017-08-25 20:47:30',	'2017-08-25 19:48:11'),
(41,	'0',	2,	4,	'2017-08-26 18:01:19',	'2017-08-25 19:48:35'),
(42,	'0',	1,	19,	'2017-08-25 20:54:02',	'2017-08-25 20:52:25'),
(43,	'0',	1,	41,	'2017-08-25 21:00:03',	'2017-08-25 20:54:14'),
(44,	'1',	3,	19,	NULL,	'2017-08-25 20:57:35'),
(45,	'0',	1,	30,	'2017-08-25 23:10:49',	'2017-08-25 21:00:13'),
(46,	'0',	1,	18,	'2017-08-25 23:12:21',	'2017-08-25 23:11:56'),
(47,	'0',	1,	7,	'2017-08-26 13:26:52',	'2017-08-25 23:18:00'),
(48,	'1',	2,	19,	NULL,	'2017-08-26 18:01:28'),
(49,	'0',	1,	17,	'2017-08-26 19:44:31',	'2017-08-26 19:40:25'),
(50,	'0',	1,	17,	'2017-08-27 11:40:12',	'2017-08-26 19:47:03'),
(51,	'0',	1,	66,	'2017-08-27 11:40:26',	'2017-08-27 11:40:24'),
(52,	'0',	1,	65,	'2017-08-27 11:40:35',	'2017-08-27 11:40:35'),
(53,	'0',	1,	65,	'2017-08-27 17:33:22',	'2017-08-27 11:40:58'),
(54,	'0',	1,	79,	'2017-08-27 19:54:43',	'2017-08-27 17:45:16'),
(55,	'0',	1,	28,	'2017-08-27 19:54:58',	'2017-08-27 19:54:51'),
(56,	'0',	1,	29,	'2017-08-27 19:55:20',	'2017-08-27 19:55:09'),
(57,	'0',	1,	29,	'2017-08-27 19:56:26',	'2017-08-27 19:56:03'),
(58,	'0',	1,	29,	'2017-08-27 19:57:42',	'2017-08-27 19:56:30'),
(59,	'0',	1,	29,	'2017-08-27 19:59:48',	'2017-08-27 19:58:04'),
(60,	'0',	1,	29,	'2017-08-27 19:59:56',	'2017-08-27 19:59:54'),
(61,	'0',	1,	79,	'2017-08-27 20:11:08',	'2017-08-27 20:06:08'),
(62,	'0',	1,	70,	'2017-08-27 20:12:55',	'2017-08-27 20:11:55'),
(63,	'0',	1,	29,	'2017-08-27 20:13:30',	'2017-08-27 20:13:07'),
(64,	'0',	1,	79,	'2017-08-27 20:15:26',	'2017-08-27 20:13:44'),
(65,	'0',	1,	79,	'2017-08-27 20:16:20',	'2017-08-27 20:15:39'),
(66,	'0',	1,	70,	'2017-08-27 20:17:16',	'2017-08-27 20:16:30'),
(67,	'0',	1,	6,	'2017-08-27 20:17:29',	'2017-08-27 20:17:23'),
(68,	'1',	1,	70,	NULL,	'2017-08-27 20:17:39');

DROP TABLE IF EXISTS `contribute`;
CREATE TABLE `contribute` (
  `id_user` int(10) unsigned NOT NULL,
  `id_project` int(10) unsigned NOT NULL,
  `id_role` int(10) unsigned NOT NULL,
  `date_from` timestamp NOT NULL DEFAULT CURRENT_TIMESTAMP,
  PRIMARY KEY (`id_user`,`id_project`),
  KEY `contribute_project_fk` (`id_project`),
  KEY `contribute_role_fk` (`id_role`),
  CONSTRAINT `contribute_project_fk` FOREIGN KEY (`id_project`) REFERENCES `project` (`id_project`),
  CONSTRAINT `contribute_role_fk` FOREIGN KEY (`id_role`) REFERENCES `role` (`id_role`),
  CONSTRAINT `contribute_user_fk` FOREIGN KEY (`id_user`) REFERENCES `user` (`id_user`)
) ENGINE=InnoDB DEFAULT CHARSET=utf8 COLLATE=utf8_czech_ci;

INSERT INTO `contribute` (`id_user`, `id_project`, `id_role`, `date_from`) VALUES
(1,	1,	1,	'2017-08-23 14:15:06'),
(1,	3,	2,	'2017-08-23 14:15:07'),
(1,	4,	1,	'2017-08-23 14:15:07'),
(1,	5,	1,	'2017-08-23 14:15:07'),
(1,	6,	1,	'2017-08-26 11:13:46'),
(1,	7,	1,	'2017-08-26 11:50:42'),
(1,	8,	1,	'2017-08-26 12:08:07'),
(1,	9,	1,	'2017-08-26 12:27:20'),
(1,	10,	1,	'2017-08-26 12:29:43'),
(1,	11,	1,	'2017-08-26 12:31:17'),
(1,	12,	1,	'2017-08-26 12:32:18'),
(1,	13,	1,	'2017-08-26 12:32:48'),
(1,	14,	1,	'2017-08-26 12:33:46'),
(1,	15,	1,	'2017-08-26 12:34:14'),
(1,	16,	1,	'2017-08-26 12:36:44'),
(1,	17,	1,	'2017-08-26 12:37:29'),
(1,	18,	1,	'2017-08-26 12:40:10'),
(1,	19,	1,	'2017-08-26 12:45:00'),
(1,	20,	1,	'2017-08-26 12:46:18'),
(1,	21,	1,	'2017-08-26 12:47:46'),
(1,	22,	1,	'2017-08-26 13:14:04'),
(1,	23,	1,	'2017-08-26 13:43:34'),
(1,	24,	1,	'2017-08-26 13:46:21'),
(1,	25,	1,	'2017-08-26 13:46:40'),
(1,	26,	1,	'2017-08-26 19:41:58'),
(1,	30,	1,	'2017-08-27 11:37:39'),
(1,	31,	1,	'2017-08-27 17:12:59'),
(2,	3,	1,	'2017-08-23 14:15:07'),
(2,	27,	1,	'2017-08-26 21:25:25'),
(2,	28,	1,	'2017-08-26 22:07:07'),
(2,	29,	1,	'2017-08-26 23:17:40'),
(3,	1,	1,	'2017-08-23 14:15:06'),
(3,	3,	1,	'2017-08-23 14:15:07'),
(4,	1,	2,	'2017-08-23 14:15:06'),
(4,	2,	2,	'2017-08-23 14:15:07'),
(4,	3,	1,	'2017-08-23 14:15:07'),
(4,	5,	2,	'2017-08-23 14:15:07'),
(5,	1,	2,	'2017-08-23 14:15:06'),
(5,	3,	2,	'2017-08-23 14:15:07'),
(5,	5,	1,	'2017-08-23 14:15:07'),
(6,	1,	1,	'2017-08-23 14:15:06'),
(6,	3,	2,	'2017-08-23 14:15:07'),
(7,	2,	2,	'2017-08-23 14:15:07'),
(7,	3,	1,	'2017-08-23 14:15:07'),
(7,	5,	2,	'2017-08-23 14:15:07'),
(8,	3,	2,	'2017-08-23 14:15:07'),
(9,	2,	1,	'2017-08-23 14:15:07'),
(9,	3,	1,	'2017-08-23 14:15:07'),
(10,	2,	1,	'2017-08-23 14:15:07'),
(10,	3,	1,	'2017-08-23 14:15:07'),
(10,	5,	1,	'2017-08-23 14:15:07');

DROP TABLE IF EXISTS `invite`;
CREATE TABLE `invite` (
  `id_user_from` int(10) unsigned NOT NULL,
  `id_user_to` int(10) unsigned NOT NULL,
  `id_project` int(10) unsigned NOT NULL,
  `date_invite` timestamp NOT NULL DEFAULT CURRENT_TIMESTAMP,
  PRIMARY KEY (`id_user_from`,`id_user_to`,`id_project`),
  KEY `invite_project_fk` (`id_project`),
  KEY `invite_user_fkv2` (`id_user_to`),
  CONSTRAINT `invite_project_fk` FOREIGN KEY (`id_project`) REFERENCES `project` (`id_project`),
  CONSTRAINT `invite_user_fk` FOREIGN KEY (`id_user_from`) REFERENCES `user` (`id_user`),
  CONSTRAINT `invite_user_fkv2` FOREIGN KEY (`id_user_to`) REFERENCES `user` (`id_user`)
) ENGINE=InnoDB DEFAULT CHARSET=utf8 COLLATE=utf8_czech_ci;

INSERT INTO `invite` (`id_user_from`, `id_user_to`, `id_project`, `date_invite`) VALUES
(1,	7,	30,	'2017-08-27 11:39:20'),
(1,	8,	1,	'2017-08-27 17:13:58'),
(2,	3,	27,	'2017-08-26 21:49:48'),
(2,	5,	27,	'2017-08-26 21:49:52'),
(2,	7,	28,	'2017-08-26 22:11:13'),
(10,	3,	1,	'2017-08-23 14:15:07');

DROP VIEW IF EXISTS `muj_activity`;
CREATE TABLE `muj_activity` (`id_activity` int(10) unsigned, `active` char(1), `id_user` int(10) unsigned, `id_task` int(10) unsigned, `date_activity_end` timestamp, `date_activity_start` timestamp);


DROP TABLE IF EXISTS `project`;
CREATE TABLE `project` (
  `id_project` int(10) unsigned NOT NULL AUTO_INCREMENT,
  `project_name` varchar(50) COLLATE utf8_czech_ci NOT NULL,
  `active` char(1) COLLATE utf8_czech_ci NOT NULL,
  `client` varchar(50) COLLATE utf8_czech_ci DEFAULT NULL,
  `description` varchar(4000) COLLATE utf8_czech_ci DEFAULT NULL,
  `date_created` timestamp NOT NULL DEFAULT CURRENT_TIMESTAMP,
  PRIMARY KEY (`id_project`)
) ENGINE=InnoDB AUTO_INCREMENT=33 DEFAULT CHARSET=utf8 COLLATE=utf8_czech_ci;

INSERT INTO `project` (`id_project`, `project_name`, `active`, `client`, `description`, `date_created`) VALUES
(1,	'Stavba domu',	'1',	'Stavebniny s.r.o.',	'Cilem je postavit dum takovy aby:\n1. aby nespadnul\n2. byl velky jako bedna 17x26m',	'2017-08-23 14:15:06'),
(2,	'Sazeni stromu',	'1',	'Zahrady.cz',	'csc',	'2017-08-23 14:15:06'),
(3,	'Shaneni drog',	'1',	'Kamaradi',	'',	'2017-08-23 14:15:06'),
(4,	'Párty na suchu',	'1',	'forever alone',	'',	'2017-08-23 14:15:06'),
(5,	'Napsat neco jako Toggl',	'0',	'Meebio, s.r.o.',	NULL,	'2017-08-23 14:15:06'),
(6,	'testovaci',	'1',	'abc',	'sdfdsf dsafdsfdsafdsafdsaf',	'2017-08-26 11:13:46'),
(7,	'testovaci2',	'0',	'pes',	'sdsaaaaaaaaaaaaaaaaaaaa',	'2017-08-26 11:50:42'),
(8,	'testovaci 3',	'0',	'fdds',	'jj',	'2017-08-26 12:08:07'),
(9,	'testovaci 4 4 4 4 4',	'0',	'dsafdsafdsd',	'',	'2017-08-26 12:27:20'),
(10,	'n',	'0',	'',	'',	'2017-08-26 12:29:43'),
(11,	'k',	'0',	'',	'',	'2017-08-26 12:31:17'),
(12,	'kk',	'1',	'',	'',	'2017-08-26 12:32:18'),
(13,	'eqwewq',	'1',	'',	'',	'2017-08-26 12:32:48'),
(14,	'mondo',	'1',	'',	'',	'2017-08-26 12:33:46'),
(15,	'p',	'1',	'',	'',	'2017-08-26 12:34:14'),
(16,	'q',	'0',	'',	'',	'2017-08-26 12:36:44'),
(17,	'pppp',	'0',	'',	'',	'2017-08-26 12:37:29'),
(18,	'ppvcsvs',	'0',	'',	'',	'2017-08-26 12:40:10'),
(19,	'pesan',	'1',	'',	'',	'2017-08-26 12:45:00'),
(20,	'd',	'0',	'',	'',	'2017-08-26 12:46:18'),
(21,	'abvc',	'1',	'',	'',	'2017-08-26 12:47:46'),
(22,	'vdsavsbvds',	'0',	'',	'',	'2017-08-26 13:14:04'),
(23,	'aaaa',	'1',	'',	'',	'2017-08-26 13:43:34'),
(24,	'qqqqqqqqqqqqqqqqqqqqqqqqqqqq',	'1',	'',	'',	'2017-08-26 13:46:21'),
(25,	'f f f f daf a  sadds    dsf',	'1',	'',	'',	'2017-08-26 13:46:40'),
(26,	'a',	'1',	'dss',	'',	'2017-08-26 19:41:58'),
(27,	'novy projekt',	'1',	'',	'',	'2017-08-26 21:25:25'),
(28,	'projekt s popiskem',	'1',	'nikdo',	'tohle to je popisek bla bla blaaaaaaaaaaaaaaaaaaaaaaaaaaaaaaaaa fdsaffdddddddddddddddddddddddddddddddddddddddddddddddddddddddddddddddddddddddddddddddd  fdsfdsfds',	'2017-08-26 22:07:07'),
(29,	'm,ccvvcxzvcxvcx',	'1',	'kunda z ryby',	'dsnfkakdsfjdsfjkdsjfdsakfdskjfdskaj',	'2017-08-26 23:17:40'),
(30,	'hladit zadek',	'1',	'Tereza',	'hezky',	'2017-08-27 11:37:39'),
(31,	'nnm',	'1',	'',	'',	'2017-08-27 17:12:59');

DROP TABLE IF EXISTS `role`;
CREATE TABLE `role` (
  `id_role` int(10) unsigned NOT NULL AUTO_INCREMENT,
  `description` varchar(20) COLLATE utf8_czech_ci NOT NULL,
  PRIMARY KEY (`id_role`)
) ENGINE=InnoDB AUTO_INCREMENT=4 DEFAULT CHARSET=utf8 COLLATE=utf8_czech_ci;

INSERT INTO `role` (`id_role`, `description`) VALUES
(1,	'admin'),
(2,	'user'),
(3,	'manager');

DROP TABLE IF EXISTS `task`;
CREATE TABLE `task` (
  `id_task` int(10) unsigned NOT NULL AUTO_INCREMENT,
  `task_name` varchar(100) COLLATE utf8_czech_ci NOT NULL,
  `id_project` int(10) unsigned NOT NULL,
  `id_user_author` int(10) unsigned NOT NULL,
  `id_user_processor` int(10) unsigned NOT NULL,
  `date_created` timestamp NOT NULL DEFAULT CURRENT_TIMESTAMP,
  `active` char(1) COLLATE utf8_czech_ci NOT NULL DEFAULT '1',
  PRIMARY KEY (`id_task`),
  KEY `task_project_fk` (`id_project`),
  KEY `task_user_fk` (`id_user_author`),
  KEY `task_user_fkv2` (`id_user_processor`),
  CONSTRAINT `task_project_fk` FOREIGN KEY (`id_project`) REFERENCES `project` (`id_project`),
  CONSTRAINT `task_user_fk` FOREIGN KEY (`id_user_author`) REFERENCES `user` (`id_user`),
  CONSTRAINT `task_user_fkv2` FOREIGN KEY (`id_user_processor`) REFERENCES `user` (`id_user`)
) ENGINE=InnoDB AUTO_INCREMENT=83 DEFAULT CHARSET=utf8 COLLATE=utf8_czech_ci;

INSERT INTO `task` (`id_task`, `task_name`, `id_project`, `id_user_author`, `id_user_processor`, `date_created`, `active`) VALUES
(1,	'Koupit doutniky',	1,	1,	3,	'2017-08-23 14:15:06',	'0'),
(2,	'Nakoupit cement',	1,	1,	6,	'2017-08-23 14:15:06',	'0'),
(3,	'Nakoupit cihly',	1,	1,	3,	'2017-08-23 14:15:06',	'0'),
(4,	'Obstarat 10 lopat',	1,	1,	3,	'2017-08-23 14:15:07',	'1'),
(5,	'Vykopat zalkady',	1,	2,	1,	'2017-08-23 14:15:07',	'0'),
(6,	'Postavit zdi',	1,	4,	4,	'2017-08-23 14:15:07',	'1'),
(7,	'Udelat strechu',	1,	4,	4,	'2017-08-23 14:15:07',	'1'),
(8,	'Nastukovat zdi + fasada',	1,	6,	6,	'2017-08-23 14:15:07',	'0'),
(9,	'Koupit strom',	2,	9,	1,	'2017-08-23 14:15:07',	'1'),
(10,	'Koupit krumpac',	2,	9,	1,	'2017-08-23 14:15:07',	'1'),
(11,	'Pujcit lopatu',	2,	9,	1,	'2017-08-23 14:15:07',	'1'),
(12,	'Sehnat konev s vodou',	2,	9,	1,	'2017-08-23 14:15:07',	'1'),
(13,	'Vykopat diru',	2,	9,	1,	'2017-08-23 14:15:07',	'1'),
(14,	'Posadit strom do diry',	2,	9,	4,	'2017-08-23 14:15:07',	'1'),
(15,	'Zahrnout koreny hlinou',	2,	10,	4,	'2017-08-23 14:15:07',	'1'),
(16,	'Zalit vodou z konve',	2,	10,	7,	'2017-08-23 14:15:07',	'1'),
(17,	'Zeptat se v trafice',	3,	7,	1,	'2017-08-23 14:15:07',	'0'),
(18,	'Zkusit to v Tescu',	3,	7,	2,	'2017-08-23 14:15:07',	'1'),
(19,	'Od zevlu v parku',	3,	7,	3,	'2017-08-23 14:15:07',	'1'),
(20,	'V policejnim trezoru',	3,	7,	4,	'2017-08-23 14:15:07',	'1'),
(21,	'Vypestovat doma travu',	3,	7,	5,	'2017-08-23 14:15:07',	'1'),
(22,	'Od vetnamcu',	3,	7,	5,	'2017-08-23 14:15:07',	'1'),
(23,	'Od negru v ulicce',	3,	7,	5,	'2017-08-23 14:15:07',	'1'),
(24,	'Od marokancu',	3,	7,	5,	'2017-08-23 14:15:07',	'1'),
(25,	'Pozadat babicku o penize',	4,	1,	1,	'2017-08-23 14:15:07',	'1'),
(26,	'Pozadat mamu o dzus',	4,	1,	1,	'2017-08-23 14:15:07',	'1'),
(27,	'Koupit v samosce mliko',	4,	1,	1,	'2017-08-23 14:15:07',	'1'),
(28,	'Ukrast bombony',	4,	1,	1,	'2017-08-23 14:15:07',	'1'),
(29,	'Koupit Rychle spunty',	4,	1,	1,	'2017-08-23 14:15:07',	'1'),
(30,	'Sehnat CD s Dadou Patrasovou',	4,	1,	1,	'2017-08-23 14:15:07',	'1'),
(31,	'Pit dzus poslouchat Dadu',	4,	1,	1,	'2017-08-23 14:15:07',	'1'),
(32,	'Stocit se do klubicka',	4,	1,	1,	'2017-08-23 14:15:07',	'1'),
(33,	'Plakat ze nemas zadny kamose',	4,	1,	1,	'2017-08-23 14:15:07',	'1'),
(34,	'Ze si jen troska co do noci programuje',	4,	1,	1,	'2017-08-23 14:15:07',	'1'),
(35,	'Prestat plakat',	4,	1,	1,	'2017-08-23 14:15:07',	'1'),
(36,	'Utrit si slzy a jit zas programovat',	4,	1,	1,	'2017-08-23 14:15:07',	'1'),
(37,	'Sehnat 30kc',	5,	1,	1,	'2017-08-23 14:15:07',	'1'),
(38,	'Poslat 30kc programatorum v indii',	5,	1,	1,	'2017-08-23 14:15:07',	'1'),
(39,	'Radsi si to udelat sam',	5,	1,	1,	'2017-08-23 14:15:07',	'1'),
(40,	'Vytvorit databazi',	5,	4,	4,	'2017-08-23 14:15:07',	'1'),
(41,	'Naprogramovat modely',	5,	4,	4,	'2017-08-23 14:15:07',	'1'),
(42,	'Naprogramovat presentery',	5,	4,	4,	'2017-08-23 14:15:07',	'1'),
(43,	'Nakonfigurovat router',	5,	4,	4,	'2017-08-23 14:15:07',	'1'),
(44,	'Stahnout kus templatu z netu',	5,	4,	4,	'2017-08-23 14:15:07',	'1'),
(45,	'Upravit template k obrazu svemu',	5,	4,	4,	'2017-08-23 14:15:07',	'1'),
(46,	'Rozdelit do @layout.latte',	5,	4,	4,	'2017-08-23 14:15:07',	'1'),
(47,	'Hejtovat baletku',	5,	7,	7,	'2017-08-23 14:15:07',	'1'),
(48,	'Zoufat',	5,	7,	7,	'2017-08-23 14:15:07',	'1'),
(49,	'Nak to doplacat dokonce',	5,	1,	7,	'2017-08-23 14:15:07',	'1'),
(50,	'Odevzdat Dominikovi',	5,	1,	7,	'2017-08-23 14:15:07',	'1'),
(51,	'Dostat job',	5,	1,	10,	'2017-08-23 14:15:07',	'1'),
(52,	'abcd',	3,	2,	2,	'2017-08-26 20:37:15',	'1'),
(53,	'super',	3,	2,	2,	'2017-08-26 20:40:22',	'1'),
(54,	'super2',	3,	2,	2,	'2017-08-26 20:41:01',	'1'),
(55,	'a',	3,	2,	2,	'2017-08-26 20:45:16',	'1'),
(56,	'aaa',	3,	2,	2,	'2017-08-26 20:46:31',	'1'),
(57,	'aaaa',	3,	2,	2,	'2017-08-26 20:47:11',	'1'),
(58,	'aaaaa',	3,	2,	2,	'2017-08-26 20:47:30',	'1'),
(59,	'fgdgfds',	3,	2,	2,	'2017-08-26 20:47:43',	'1'),
(60,	'user123',	3,	2,	2,	'2017-08-26 21:09:37',	'1'),
(61,	'dsfdsaf',	27,	2,	2,	'2017-08-26 21:43:57',	'1'),
(62,	'cdsac',	27,	2,	2,	'2017-08-26 21:43:59',	'1'),
(63,	'toto neni ukol',	28,	2,	2,	'2017-08-26 22:09:40',	'1'),
(64,	'user2',	28,	2,	2,	'2017-08-26 22:10:34',	'1'),
(65,	'hladit',	30,	1,	1,	'2017-08-27 11:38:23',	'1'),
(66,	'mackat',	30,	1,	1,	'2017-08-27 11:38:32',	'1'),
(67,	'pusu, pusu twice',	30,	1,	1,	'2017-08-27 11:38:46',	'1'),
(68,	'twice',	30,	1,	1,	'2017-08-27 11:38:52',	'1'),
(69,	'dsdsaf',	1,	1,	1,	'2017-08-27 14:24:28',	'1'),
(70,	'cdsdsvs',	1,	1,	1,	'2017-08-27 14:24:33',	'1'),
(71,	'kj',	1,	1,	1,	'2017-08-27 14:26:20',	'1'),
(72,	'pp',	1,	1,	1,	'2017-08-27 14:26:31',	'1'),
(73,	'abcd',	1,	1,	1,	'2017-08-27 14:27:07',	'1'),
(74,	'fd',	1,	1,	1,	'2017-08-27 14:36:27',	'1'),
(75,	'123',	1,	1,	1,	'2017-08-27 14:39:52',	'1'),
(76,	'abcdadfsfsfds',	1,	1,	1,	'2017-08-27 14:41:23',	'1'),
(77,	'dsadsafdsaf',	1,	1,	1,	'2017-08-27 17:14:45',	'1'),
(78,	'koupit dorgy v parku',	3,	1,	1,	'2017-08-27 17:42:50',	'1'),
(79,	'vylovit drogy z hnusnyho hajzlu',	3,	2,	1,	'2017-08-27 17:43:43',	'1');

DROP TABLE IF EXISTS `user`;
CREATE TABLE `user` (
  `id_user` int(10) unsigned NOT NULL AUTO_INCREMENT,
  `username` varchar(50) COLLATE utf8_czech_ci NOT NULL,
  `password` varchar(100) COLLATE utf8_czech_ci NOT NULL,
  `name` varchar(50) COLLATE utf8_czech_ci DEFAULT NULL,
  `surname` varchar(50) COLLATE utf8_czech_ci DEFAULT NULL,
  `email` varchar(100) COLLATE utf8_czech_ci DEFAULT NULL,
  `date_registration` timestamp NOT NULL DEFAULT CURRENT_TIMESTAMP,
  `new_user` char(1) COLLATE utf8_czech_ci DEFAULT '1',
  `show_archived_projects` char(1) COLLATE utf8_czech_ci DEFAULT '0',
  `show_archived_tasks` char(1) COLLATE utf8_czech_ci DEFAULT '0',
  PRIMARY KEY (`id_user`),
  UNIQUE KEY `username` (`username`) USING BTREE
) ENGINE=InnoDB AUTO_INCREMENT=19 DEFAULT CHARSET=utf8 COLLATE=utf8_czech_ci;

INSERT INTO `user` (`id_user`, `username`, `password`, `name`, `surname`, `email`, `date_registration`, `new_user`, `show_archived_projects`, `show_archived_tasks`) VALUES
(1,	'user1',	'$2y$10$Re6SSHFjyr25eaddRBQHP.tvQ0nUr0EqUK05y12bGhgM.MzeHa5c6',	'Boris',	'Mastný',	'Boris.Mastny@seznam.cz',	'2017-08-23 14:15:06',	'1',	'1',	'1'),
(2,	'user2',	'$2y$10$Re6SSHFjyr25eaddRBQHP.tvQ0nUr0EqUK05y12bGhgM.MzeHa5c6',	'Lýdie',	'Kupcová',	'Lydie.Kupcova@seznam.cz',	'2017-08-23 14:15:06',	'1',	'1',	'0'),
(3,	'user3',	'$2y$10$Re6SSHFjyr25eaddRBQHP.tvQ0nUr0EqUK05y12bGhgM.MzeHa5c6',	'Marika',	'Němečková',	'Marika.Nemeckova@seznam.cz',	'2017-08-23 14:15:06',	'1',	'0',	'0'),
(4,	'user4',	'$2y$10$Re6SSHFjyr25eaddRBQHP.tvQ0nUr0EqUK05y12bGhgM.MzeHa5c6',	'Květoslava',	'Koudelová',	'Kvetoslava.Koudelova@seznam.cz',	'2017-08-23 14:15:06',	'1',	'0',	'0'),
(5,	'user5',	'$2y$10$Re6SSHFjyr25eaddRBQHP.tvQ0nUr0EqUK05y12bGhgM.MzeHa5c6',	'Vítězslav',	'Hála',	'Vitezslav.Hala@seznam.cz',	'2017-08-23 14:15:06',	'1',	'0',	'0'),
(6,	'user6',	'$2y$10$Re6SSHFjyr25eaddRBQHP.tvQ0nUr0EqUK05y12bGhgM.MzeHa5c6',	'Jitka',	'Rusová',	'Jitka.Rusova@seznam.cz',	'2017-08-23 14:15:06',	'1',	'0',	'0'),
(7,	'user7',	'$2y$10$Re6SSHFjyr25eaddRBQHP.tvQ0nUr0EqUK05y12bGhgM.MzeHa5c6',	'Jindřich',	'Maňák',	'Jindrich.Manak@seznam.cz',	'2017-08-23 14:15:06',	'1',	'0',	'0'),
(8,	'user8',	'$2y$10$Re6SSHFjyr25eaddRBQHP.tvQ0nUr0EqUK05y12bGhgM.MzeHa5c6',	'Bohdana',	'Mazalová',	'Bohdana.Mazalova@seznam.cz',	'2017-08-23 14:15:06',	'1',	'0',	'0'),
(9,	'user9',	'$2y$10$Re6SSHFjyr25eaddRBQHP.tvQ0nUr0EqUK05y12bGhgM.MzeHa5c6',	'Lukáš',	'Šimíček',	'Lukas.simicek@seznam.cz',	'2017-08-23 14:15:06',	'1',	'0',	'0'),
(10,	'user10',	'$2y$10$Re6SSHFjyr25eaddRBQHP.tvQ0nUr0EqUK05y12bGhgM.MzeHa5c6',	'Robert',	'Borkovec',	'Robert.Borkovec@seznam.cz',	'2017-08-23 14:15:06',	'1',	'1',	'0'),
(11,	'test',	'$2y$10$Re6SSHFjyr25eaddRBQHP.tvQ0nUr0EqUK05y12bGhgM.MzeHa5c6',	NULL,	NULL,	NULL,	'2017-08-23 16:18:33',	'1',	'0',	'0'),
(12,	'test2',	'$2y$10$Re6SSHFjyr25eaddRBQHP.tvQ0nUr0EqUK05y12bGhgM.MzeHa5c6',	NULL,	NULL,	NULL,	'2017-08-23 16:27:32',	'1',	'0',	'0'),
(17,	'user11',	'$2y$10$Re6SSHFjyr25eaddRBQHP.tvQ0nUr0EqUK05y12bGhgM.MzeHa5c6',	NULL,	NULL,	NULL,	'2017-08-23 19:48:17',	'1',	'0',	'0'),
(18,	'pokusnyPokus',	'$2y$10$dsqpXGzr7UdQMy8q5i6freYugkr7YJOnbaQdlaCe8s9Vj/HO831RC',	NULL,	NULL,	NULL,	'2017-08-27 21:38:13',	'1',	'0',	'0');

DROP TABLE IF EXISTS `muj_activity`;
CREATE ALGORITHM=UNDEFINED SQL SECURITY DEFINER VIEW `muj_activity` AS select `activity`.`id_activity` AS `id_activity`,`activity`.`active` AS `active`,`activity`.`id_user` AS `id_user`,`activity`.`id_task` AS `id_task`,`activity`.`date_activity_end` AS `date_activity_end`,`activity`.`date_activity_start` AS `date_activity_start` from `activity`;

-- 2017-08-27 21:41:39
